country_code;customs_code;location_code;description
AR;001;10056;TERMINAL 5
AR;001;10057;TERMINAL 1 2 Y 3
AR;001;10068;TERMINAL 4
AR;001;10073;TERMINAL SUR
AR;001;11002;AVELLANEDA SUR
AR;001;11003;DEPOSITO MOREIRO HNOS SRL
AR;001;11005;SAF
AR;001;11007;CAPITAN CORTES MADERO
AR;001;1100C;SIR HOME SA
AR;001;1100E;DEFIBE SA
AR;001;1100F;DEFISA PUERTO
AR;001;1100L;FRIO DOCK SA
AR;001;1100P;BAJO CERO SA
AR;001;1100S;DEPOSITO FISCAL MURCAN S A
AR;001;1100V;LOGISTICA CENTRAL SA
AR;001;1100Z;DEPOSITO FISCAL CENSER
AR;001;11012;FEPORT SA
AR;001;1101E;MERCOCARGA SA
AR;001;1101N;LOGISTICA MILO SA
AR;001;1101Y;LOGISTICS PLATFORMS INVESTMENT SA
AR;001;11021;LO PRIMO I
AR;001;11028;UNIV. CARGAS
AR;001;1103B;ANTIVARI SACI
AR;001;1104D;DEFIBA CONTENEDORES
AR;001;1104F;MEGATOM SA
AR;001;1105E;MURCHISON
AR;001;11069;DEP FISCAL DHL
AR;001;11070;TERMINAL PANAMERICANA SA
AR;001;11080;NTRA SRA ASUNCION
AR;001;11094;COAMTRA SA
AR;001;11096;TEFASA I
AR;001;11098;TRANSPORTES PATRON SACIF
AR;001;1109B;TERBASA
AR;001;1109C;BUERAS
AR;001;11101;LOGEXPOR
AR;001;11109;LOGINTER SA
AR;001;11112;LOINEX SA
AR;001;11113;TRANSPORTES MONTALVAN SA
AR;001;1111M;MEGATOM II
AR;001;11201;ABBOTT LABORATORIES
AR;001;11B36;CORVALAN
AR;001;11H03;CORREO ARG.RETIRO
AR;001;11N03;DIREXA SA
AR;001;11X2E;GEN POL
AR;001;11Z03;CORREO ARG.MTE.GRANDE
AR;001;11Z08;GEMEZ SA BARRACAS
AR;001;11Z09;GEMEZ SA
AR;001;11Z0E;DEFIBA PUERTO
AR;001;11Z22;LO PRIMO III
AR;001;11Z2E;DODERO
AR;001;11Z2F;DODERO TIGRE
AR;001;11Z96;TEFASA II
AR;001;1200H;MINISTERIO DE DEFENSA
AR;001;12026;LIBERTADOR MOTORS
AR;001;1202H;COTO CENTRO INTEGRAL DE COMERC SA
AR;001;12031;PRODMET
AR;001;12090;EDITORIAL PERFIL
AR;001;1403N;GATE PRIORITY SA
AR;001;42001;TALLERES NAVALES DAR N S.A.
AR;001;42952;DARSENA SUR ESTE (A.G.P)
AR;001;60016;DIV CONTROL Y FISCALIZ OPERATIVA 1
AR;001;6001G;DIV CONTROL Y FISCALIZ OPERATIVA 2
AR;001;60100;MUELLE INT. TIGRE
AR;001;60200;SEC ZONA SUR Y DEPOSITOS JURISDIC
AR;001;60400;OFICINA DOCK SUD
AR;001;60500;SECC. ZONA TIGRE
AR;001;60600;TERMINAL BUQUEBUS
AR;001;60700;TERMINAL BENITO QUINQUELA MARTIN
AR;001;60800;TERMINAL COLONIA EXPRESS
AR;001;60Z4B;DESTACAMENTO DIQUE 1
AR;001;75002;KCK
AR;001;7500O;BAYER SA
AR;001;7501P;SIGNIFY ARGENITNA SA
AR;001;7502L;SIEMENS SA
AR;001;7505G;SADESA S.A.
AR;001;7506A;SIEMENS ENERGY SA
AR;001;7506C;PHILIPS ARGENTINA S A
AR;001;75095;FIAT AUTO ARGENTINA S.A.
AR;001;75111;ABBOTT LABORATORIES ARG. S.A.
AR;001;75A01;KIMBERLY CLARK ARG. S.A.
AR;001;75GMA;GENERAL MOTORS ARG. S.A.
AR;001;7602C;PEUGEOT CITROEN ARG. S.A.
AR;001;76034;FORD ARGENTINA S.C.A.
AR;001;7603C;MERCEDES BENZ ARGENTINA S A
AR;001;76A02;VOLKSWAGEN ARGENTINA S.A.
AR;003;11S21;TERM PORT PATAGONIA NORTE SA
AR;003;20GPI;ZPCA ZF GRAL PICO
AR;003;4200P;ZPA PTO ING WHITE
AR;003;4200Q;ZPA PTO GALVAN
AR;003;4200Z;ZONA PRIMARIA MAYOR BURATOVICH
AR;003;60001;CGP ING WHITE MUELLE 17 18
AR;003;60002;CGP ING WHITE MUELLE 19 20
AR;003;60003;CGP ING WHITE MUELLE 5 Y 6
AR;003;60004;CGP ING WHITE MUELLE 7 Y 8
AR;003;60005;CGP ING WHITE MUELLE 9
AR;003;60007;MUELLE CARGILL
AR;003;60009;GLENCORE CEREALES
AR;003;6000B;MUELLE LOUIS DRAYFUS
AR;003;6000Y;POSTA N 3 PARA INFLAMABLES
AR;003;60010;MUELLE PROFERTIL
AR;003;60011;COMPANIA MEGA SA
AR;003;60012;PTO GALVAN SITIO 5
AR;003;60013;PTO GALVAN SITIO 6
AR;003;60014;PTO GALVAN POSTA 1
AR;003;60015;PTO GALVAN POSTA 2
AR;003;60016;OLEGINOSAS MORENO
AR;003;60017;MUELLE UTE
AR;003;60025;MUELLE PUERTO ROSALES
AR;003;60026;MUELLE SITIO 21
AR;003;8800O;LA REFORMA SRL
AR;003;8800W;DTA SA EN FORMACION
AR;003;88011;DEPOSITO PUBLICO-ZFP
AR;003;8801A;TECRO INGENIERIA SA
AR;003;88027;PRODUCTOS PAMPEANOS SA
AR;003;95120;AP ESPORA REMOVIDO
AR;004;12003;DEPOSITO INVAP SE
AR;004;40001;PASO CARDENAL SAMORE
AR;004;40002;PASO RIO MANSO
AR;004;40GN1;PASO VURILOCHE
AR;004;42AC1;RESGUARDO PPAL ADUANA BARILOCHE
AR;004;43004;PASO VICENTE PEREZ ROSALES
AR;004;80PF1;AEROP INT BARILOCHE
AR;008;10014;TERMINAL III TAJIBER EUROAMERICA
AR;008;1100B;DE FI ZARATE SA
AR;008;1100E;DEPOSITO LOINZA S A
AR;008;1100U;CRUMA SERVICIOS INDUSTRIALES SRL
AR;008;1100W;PETROMINING SOCIEDAD ANONIMA
AR;008;1100Z;DEP FISCAL TRANSPORTES FURLONG
AR;008;11012;COMERCIAL SAN PATRICIO SRL
AR;008;11015;QBOX SA
AR;008;11020;DEPOSITO CARBOCLOR
AR;008;11031;DEP FISCAL MARIPASA
AR;008;11033;SISTEMAS INTEGRALES DE ALMACENAJE S
AR;008;11050;DEPOSITO EUROAMERICA
AR;008;11060;DEP FISCAL VITCO
AR;008;11130;DEPOSITO SERVITRUCK
AR;008;11170;DEP FISCAL TAGSA
AR;008;11180;DEPOSITO FISCAL DELTA DOCK
AR;008;11189;TRANSPORTE PADILLA SA
AR;008;11200;PUERTO SECO Y LOGISTICA CHIVILCOY
AR;008;11250;COLD LAND SA
AR;008;11300;DEP FISCAL POBATER SA
AR;008;12040;DEPOSITO SIDERCA
AR;008;12080;DEP FISCAL SOFTYS
AR;008;1405I;PLAYON M TERMINAL ZARATE
AR;008;15018;TQ 207 POBATER TEMPORAL
AR;008;1501A;TQ 203 PETROMINING
AR;008;1501B;TQ 201 PETROMINING
AR;008;1501D;TQ 104 PETROMINING
AR;008;1501E;TQ 101 PETROMINING
AR;008;1501F;TQ 102 PETROMINING
AR;008;1501G;TQ 103 PETROMINING
AR;008;1501H;TQ 21336 CARBOCLOR
AR;008;1501I;TQ 21337 CARBOCLOR
AR;008;1501J;TQ 21338 CARBOCLOR
AR;008;1501K;TQ 21339 CARBOCLOR
AR;008;1501L;TQ 21340 CARBOCLOR
AR;008;1501M;TQ 21341 CARBOCLOR
AR;008;1501N;TQ 21342 CARBOCLOR
AR;008;1501O;TQ 21343 CARBOCLOR
AR;008;1501Q;TQ 21345 CARBOCLOR
AR;008;1501R;TQ 20 TAGSA TEMPORAL
AR;008;1501S;TQ 22 TAGSA
AR;008;1501T;TK 30 TAGSA TEMPORAL
AR;008;1501U;TQ 34 TAGSA
AR;008;1501V;TQ 47 TAGSA
AR;008;1501W;TQ 52 TAGSA
AR;008;1501X;TQ 53 TAGSA
AR;008;1501Y;TQ 54 TAGSA
AR;008;1501Z;TQ 55 TAGSA
AR;008;15022;TQ 21346 CARBOCLOR
AR;008;15023;TQ 66 TAGSA
AR;008;15024;TQ 57 TAGSA
AR;008;15026;TQ 59 TAGSA
AR;008;15027;TQ 60 TAGSA
AR;008;15028;TQ 65 TAGSA
AR;008;15029;TQ 69 TAGSA
AR;008;1502A;TQ 71 TAGSA
AR;008;1502B;TQ 72 TAGSA
AR;008;1502C;TQ 73 TAGSA
AR;008;1502D;TQ 19 VITCO
AR;008;1502E;TQ 18 VITCO
AR;008;1502F;TQ 17 VITCO
AR;008;1502G;TQ 16 VITCO
AR;008;1502H;TQ 13 VITCO
AR;008;1502I;TQ 12 VITCO
AR;008;1502J;TQ 11 VITCO
AR;008;1502K;TQ 10 VITCO
AR;008;1502L;TQ 9 VITCO
AR;008;1502M;TQ 8 VITCO
AR;008;1502N;TQ 7 VITCO
AR;008;1502O;TQ 6 VITCO
AR;008;1502P;TQ 5 VITCO
AR;008;1502Q;TQ 4 VITCO
AR;008;1502R;TQ 2 VITCO
AR;008;1502S;TQ 1 VITCO
AR;008;1502U;TQ 106 POBATER TEMPORAL
AR;008;1502X;TQ 103 POBATER
AR;008;15032;TQ 100 POBATER
AR;008;1503F;TQ 23 VITCO TEMPORAL
AR;008;1503H;TQ 21365 CARBOCLOR
AR;008;1503I;TQ 79 TAGSA
AR;008;1503U;TQ 19 TAGSA
AR;008;1503W;TQ 81 TAGSA
AR;008;1503X;TQ 44 TAGSA
AR;008;15043;TQ 21347 CARBOCLOR
AR;008;15044;TQ 21347 CARBOCLOR
AR;008;15045;TQ 21364 CARBOCLOR
AR;008;15046;TQ 29 TAGSA
AR;008;15047;TQ 1 TAGSA
AR;008;15048;TQ 41 TAGSA
AR;008;15049;TQ 46 TAGSA
AR;008;1504A;TQ 40 TAGSA
AR;008;1504B;TQ 21349 CARBOCLOR
AR;008;1504C;TQ 21377 CARBOCLOR
AR;008;1504D;TQ 21378 CARBOCLOR
AR;008;1504E;TQ 21379 CARBOCLOR
AR;008;1504F;TQ 21380 CARBOCLOR
AR;008;1504G;TQ 12 TAGSA
AR;008;1504H;TQ 45 TAGSA
AR;008;1504I;TQ 43 TAGSA
AR;008;1504J;TQ 39 TAGSA
AR;008;1504K;TQ 24 TAGSA
AR;008;1504M;TQ 201 POBATER TEMPORAL
AR;008;1504Q;TQ 38 TAGSA
AR;008;1504S;TQ 33700 CARBOCLOR
AR;008;1504T;TQ 33701 CARBOCLOR
AR;008;1504Z;TQ 18 TAGSA
AR;008;15052;TQ 48 TAGSA
AR;008;15053;TQ 51 TAGSA
AR;008;15056;TQ 68 TAGSA
AR;008;15057;CARBOCLOR TANQUE 21348
AR;008;15058;TQ 77 TAGSA
AR;008;15059;TQ 33703 CARBOCLOR
AR;008;1505A;TQ 8 TAGSA
AR;008;1505B;TQ 21363 CARBOCLOR
AR;008;1505C;TQ 209 POBATER
AR;008;1505D;TQ 3 VITCO
AR;008;1505E;TQ 21348 CARBOCLOR
AR;008;1505F;TQ 50 TAGSA
AR;008;1505G;TQ 87 TAGSA
AR;008;1505H;TQ 14 VITCO
AR;008;1505J;TQ 15 TAGSA
AR;008;1505L;TAGSA TQ 91
AR;008;1505N;TQ 95 TAGSA
AR;008;1505O;TQ 2 TAGSA
AR;008;1505P;TQ 3 TAGSA
AR;008;1505Q;TQ 4 TAGSA
AR;008;1505S;TQ 6 TAGSA
AR;008;1505T;TQ 7 TAGSA
AR;008;1505U;TQ 9 TAGSA
AR;008;1505V;TQ 10 TAGSA
AR;008;1505W;TQ 63 TAGSA
AR;008;1505X;TQ 11 TAGSA
AR;008;1505Y;TQ 13 TAGSA
AR;008;1505Z;TQ 14 TAGSA
AR;008;15062;TQ 16 TAGSA
AR;008;15063;TQ 17 TAGSA
AR;008;15064;TQ 21 TAGSA
AR;008;15065;TQ 23 TAGSA
AR;008;15066;TQ 25 TAGSA
AR;008;15067;TQ 26 TAGSA
AR;008;15068;TQ 27 TAGSA
AR;008;15069;TQ 28 TAGSA
AR;008;1506A;TQ 31 TAGSA
AR;008;1506B;TQ 32 TAGSA
AR;008;1506C;TQ 33 TAGSA
AR;008;1506D;TQ 35 TAGSA
AR;008;1506E;TQ 36 TAGSA
AR;008;1506F;TQ 37 TAGSA
AR;008;1506G;TQ 42 TAGSA
AR;008;1506H;TQ 49 TAGSA
AR;008;1506I;TQ 56 TAGSA
AR;008;1506K;TQ 64 TAGSA
AR;008;1506L;TQ 67 TAGSA
AR;008;1506M;TQ 70 TAGSA
AR;008;1506N;TQ 74 TAGSA
AR;008;1506O;TQ 75 TAGSA
AR;008;1506P;TQ 76 TAGSA
AR;008;1506Q;TQ 78 TAGSA
AR;008;1506R;TQ 80 TAGSA
AR;008;1506S;TQ 82 TAGSA
AR;008;1506T;TQ 83 TAGSA
AR;008;1506U;TQ 84 TAGSA
AR;008;1506V;TQ 85 TAGSA
AR;008;1506W;TQ 86 TAGSA
AR;008;1506X;TQ 88 TAGSA
AR;008;1506Y;TQ 15 TAGSA
AR;008;1506Z;TQ 21350 CARBOCLOR
AR;008;15071;TQ 21352 CARBOCLOR
AR;008;15072;TQ 21358 CARBOCLOR
AR;008;15073;TQ 21359 CARBOCLOR
AR;008;15074;TQ 21360 CARBOCLOR
AR;008;15075;TQ 21361 CARBOCLOR
AR;008;15076;TQ 21362 CARBOCLOR
AR;008;6000X;MUELLE PETROMINING SA
AR;008;60013;MUELLE EUROAMERICA - ANEXO TAJIBER
AR;008;60021;MUELLE CARBOCLOR
AR;008;60035;MUELLE PAN AMERICAN ENERGY (PAE)
AR;008;6003Z;MUELLE PUERTO PIAP SA TEMPORAL
AR;008;60041;MUELLE SIDERCA
AR;008;60051;MUELLE EUROAMERICA
AR;008;60061;MUELLE VITCO
AR;008;60071;MUELLE RHASA
AR;008;60091;MUELLE TERMINAL ZARATE
AR;008;60171;MUELLE TAGSA
AR;008;60190;MUELLE DEPSA
AR;008;60195;MUELLE 1 DELTA DOCK
AR;008;60196;MUELLE 2 DELTA DOCK
AR;008;60198;MUELLE 1 MOLCA
AR;008;60204;MUELLE 2 MOLCA
AR;008;75042;DOMICILIARIA SIDERCA
AR;008;75141;DOMICILIARIA TOYOTA
AR;008;75303;HONDA MOTOR DE ARG SA
AR;008;90001;FF.CC. GRAL BELGRANO
AR;008;90002;FF.CC. GRAL URQUIZA
AR;008;90003;FF.CC. GRAL. MITRE
AR;010;42003;ZPA SAENZ PENA BARRANQUERAS
AR;010;43001;PASO PUERTO BERMEJO-PUERTO PILAR
AR;010;43PN1;PASO PTO LAS PALMERAS-PTO HUMAITA
AR;010;60002;PUERTO BARRANQUERAS
AR;010;60007;COMPANIA LOGISTICA DEL NORTE SA
AR;010;60ACA;MUELLE ACA
AR;012;11002;DEPOSITO FISCAL BUENOS AIRES SA
AR;012;40001;RESG PTO PILCOMAYO
AR;012;40002;PASO PASARELA LA FRATERNIDAD
AR;012;40GN1;PASO COL GRAL BELGRANO-GRAL
AR;012;40GN2;PASO ISLETA-PARAJE ROJAS SILVA
AR;012;41001;ACI CLORINDA-P FALCON IMP
AR;012;41002;ACI CLORINDA-P FALCON EXP
AR;012;43001;PASO PTO PILCOMAYO-PTO ITA
AR;013;41000;ACI COLON-PAYSANDU
AR;013;43PN1;PASO PUERTO COLON-PUERTO PAYSANDU
AR;013;70000;TRANSPORTADORA GAS DEL NORTE SA
AR;014;11145;ADM PORT DEL PUERTO COMODORO RIVA
AR;014;20ZFP;ZPCA ZF COMODORO RIVADAVIA
AR;014;40141;PASO COYHAIQUE (HITO 45)
AR;014;40142;PASO HUEMULES (HITO 50)
AR;014;40GN1;PASO LAS PAMPAS
AR;014;40GN2;PASO PAMPA ALTA
AR;014;40GN3;PASO RIO FRIAS APPLEG-APPELEG
AR;014;40GN4;PASO TRIANA
AR;014;42111;ZONA PRIMARIA-PTO C RIVADAVIA
AR;014;60P01;PUERTO COMODORO RIVADAVIA
AR;014;80112;AEROP INT COMODORO RIVADAVIA
AR;014;88007;NOVOMET ARGENTINA SA
AR;014;88008;VENVER SA
AR;014;8800B;ELECTRIFICADORA DEL VALLE SA
AR;014;8800C;GEOSERVICES SA SUC ARGENTINA
AR;014;8800E;WEATHERFORD INTERNATIONAL
ARGENTINA;;;ARGENTINA
AR;014;8800G;POLIFUNSION SUR SA
AR;014;8800H;JOHN PHILLIPS SA
AR;014;8800I;AVILA GUSTAVO OMAR
AR;014;8800J;HIDROIL SRL
AR;014;8800K;ESPINOLA MARCELA VIVIANA
AR;014;8800L;LUFKIN ARG ACQUISITION COMPANY SRL
AR;014;88168;FABIAN MACAGLIA ZF
AR;014;88175;HALLIBURTON ARG ZF
AR;014;95AER;AP C RIVADAVIA REMOVIDOS
AR;015;43PN1;PASO PUERTO C DEL URUGUAY-PAYSANDU
AR;015;60004;MUELLES 3Y4 CONCEPC DEL URUGUAY
AR;015;60005;PUERTO CONCEPCION DEL URUGUAY
AR;015;60006;PUERTO CONCEPCION DEL URUGUAY
AR;015;60007;PUERTO CONCEPCION DEL URUGUAY
AR;016;41FCC;ACI CONCORDIA-FFCC
AR;016;41PSG;ACI CONCORDIA-SALTO
AR;016;42001;RESGUARDO AYUI Z P A (C T M)
AR;016;43001;PASO PUERTO CONCORDIA-PUERTO SALTO
AR;016;43PN1;PASO PUERTO LUIS-CONSTITUCION
AR;016;43PN2;PASO PTO FEDERACION-VILLA CONST
AR;016;43PN3;PASO SANTA ELOISA-BELEN
AR;017;11004;TORTONE S A
AR;017;1100L;CAMARA DE COMERCIO EXTERIOR DE
AR;017;1100P;DEPOSITO FISCAL CORDOBA SA
AR;017;1100T;MARE LOGISTICA INTERNACIONAL SAS
AR;017;11046;DF ZOFRACOR SA
AR;017;1200B;DEPOSITO CLAAS ARG SA
AR;017;12043;DREAN SA
AR;017;1300K;AEROLINEAS ARGENTINAS SA
AR;017;1301B;FADEA
AR;017;1700Y;DEP FISCAL CORDOBA SA SILO 1
AR;017;1700Z;DEP FISCAL CORDOBA SA SILO 2
AR;017;20006;ZPCA ZF CORDOBA
AR;017;75007;RENAULT ARGENTINA SA
AR;017;75009;AR   017   75009   A D VOLKSWAGEN ARGENTINA
AR;017;7500E;ARCOR CORDOBA
AR;017;7500I;NISSAN ARGENTINA SA
AR;017;7500U;CNH INDUSTRIAL ARG SA
AR;017;7500V;CNH ARGENTINA SA
AR;017;7500W;IVECO ARGENTINA SA
AR;017;75037;FIAT AUTO ARGENTINA
AR;017;75042;CNH INDUSTRIAL ARG SA
AR;017;75777;ARCOR COLONIA CAROYA
AR;017;75778;ARCOR ARROYITO
AR;017;80001;AEROP INT CORDOBA
AR;017;88101;PUBLICO ZOFRACOR
AR;017;88102;ZOFRACOR SA
AR;018;14002;DIRECCION DE TRANSPORTE FLUVIAL Y P
AR;018;43001;PASO PTO ITATI-ITA CORA
AR;018;43002;PUERTO PASO DE LA PATRIA
AR;018;43003;PASO PTO ITA IBATE-PANCHITO LOPEZ
AR;018;43PN2;PASO YAHAPE-CERRITO
AR;018;60100;PUERTO DE CORRIENTES
AR;018;80001;AEROP INT CORRIENTES
AR;019;11001;DEPOSITO COSTANERA SA
AR;019;11003;PLAZOLETA FISCAL UNEPOSC
AR;019;40007;PASO FRONTERIZO RIO MOSCO
AR;019;40GN3;PASO RIO MAYER RIBERA NORTE
AR;019;60001;MUELLE PUERTO DESEADO
AR;020;60002;ENTE AUTARQUICO PUERTO DIAMANTE
AR;020;60005;CARGILL SACI-DIAMANTE
AR;020;60006;MUELLE CATTORINI HNOS SA
AR;023;40001;PASO FUTALEUFU
AR;023;40002;PASO RIO ENCUENTRO
AR;023;40003;PASO RIO PUELO
AR;023;43001;PASO RIO PUELO (FLUVIAL)
AR;023;83S23;DEP EQUIP VARIOS A ARG AEROP ESQUEL
AR;024;40GN1;PASO EL REMANSO-LA VERDE
AR;024;40GN2;PASO LAMADRID-MISION SAN LEONARDO
AR;024;42PNF;ZPA PTO NUEVO FORMOSA
AR;024;43002;PASO PTO FORMOSA-ALBERDI
AR;024;80000;AEROP INT FORMOSA
AR;025;95100;RESGUARDO PRINCIPAL GOYA
AR;026;11002;DEPOSITO DEL GUAZU SA
AR;026;17003;DEL GUAZU SA CELDA 1
AR;026;40000;PASO GUALEGUAYCHU-F BENTOS
AR;026;41000;ACI PUENTE INT GRAL SAN MARTIN
AR;026;43PN1;PASO PTO PARANACITO-NUEVA PALMIRA
AR;026;43PN2;PASO PTO BOCA GUALEGUAYCHU-F
AR;026;60000;PUERTO IBICUY
AR;026;60001;PUERTO DEL GUAZU
AR;026;60003;TERMINAL PORTUARIA DEL GUAZU
AR;026;60004;MUELLE DE CARGA GRAL N 2-DEL GUAZU
AR;029;20001;ZPCA ZF MAYORISTA
AR;029;20002;ZPCA ZF MINORISTA (TIENDA LIBRE)
AR;029;40001;PUENTE INT TANCREDO NEVES
AR;029;40002;PTEINT TANCREDO NEVES-CARGAS
AR;029;43001;PASO PUERTO IGUAZU-PUERTO MEIRA
AR;029;43002;PASO PTO IGUAZU-PTO TRES FRONTERAS
AR;029;43003;PASO PTO EL DORADO-PTO MAYOR OTANO
AR;029;43PN1;PASO PTO LIBERTAD-PTO D M DE IRALA
AR;029;43PN2;PASO PUERTO WANDA-PUERTO ITA VERA
AR;029;43PN3;PASO PTO MADO-PTO LOMAS VALENTINA
AR;029;43PN4;PASO PTO VICTORIA-CAPITAN URBINA
AR;029;43PN6;PASO PTO PIRAY-PTO 7 DE AGOSTO
AR;029;43PN7;PASO PTO MONTECARLO-APE AYME
AR;029;80001;AEROP INT IGUAZU
AR;029;88001;ZONA FRANCA PUERTO IGUAZU
AR;029;88004;LONDON FREE ZONE SA
AR;031;40001;PASO JAMA
AR;031;42001;ZONA PRIMARIA PALPALA
AR;031;70001;ESTACION MEDICION EL ROSAL
AR;031;70002;ESTACION MEDICION EL ROSARIO
AR;031;80003;AEROP INT JUJUY
AR;033;1000C;TECPLATA SA
AR;033;11005;ICM EICA SA
AR;033;12477;MAFISSA
AR;033;20021;ZPCA ZF LA PLATA
AR;033;60001;SITIO 7 COPETRO
AR;033;60002;SITIO 8 COPETRO
AR;033;60003;SITIO 9 CONSORCIO
AR;033;60004;SITIO 10 YPF
AR;033;60005;SITIO 11 YPF
AR;033;60006;SITIO 12 YPF
AR;033;60007;SITIO 13 YPF
AR;033;60008;SITIO 14 YPF
AR;033;60009;SITIO 15 YPF
AR;033;60010;SITIO 16 YPF
AR;033;60011;SITIO 17 CONSORCIO
AR;033;60013;SITIO 19 CONSORCIO
AR;033;60014;SITIO 20 CONSORCIO
AR;033;60015;SITIO 23 ARS
AR;033;60016;PTO ROCA SIDERAR
AR;033;60ST1;SITIO 1 CONSORCIO
AR;033;60ST2;SITIO 2 CONSORCIO
AR;033;60ST3;SITIO 3 CONSORCIO
AR;033;60ST4;SITIO 4 CONSORCIO
AR;033;60ST5;SITIO 5 CONSORCIO
AR;033;60ST6;SITIO 6 CONSORCIO
AR;033;70000;GASODUCTO CRUZ DEL SUR
AR;033;88001;SARANDI LOGISTICA SA
AR;033;88004;LOS PINOS ZONA FRANCA SA
AR;033;88007;ZONA LOGISTICA LOTE 2 Y 15
AR;033;88009;FRANCA IMPEX SA
AR;033;8800B;LOGISTORE SRL
AR;033;8800D;IMCOPESA SA
AR;033;8800L;LOGISTIC POINT SA
AR;033;88010;LOS PINOS ZONA FRANCA SA
AR;033;88015;LOGISTICA INTEGRAL ZONA FRANCA SA
AR;033;88021;LOGISTICA INTEGRAL ZONA FRANCA SA
AR;033;88022;LOGISTICA INTEGRAL ZONA FRANCA SA
AR;033;88025;LOGISTICA INTEGRAL ZONA FRANCA SA
AR;033;88027;LOGISTICA INTEGRAL DE CARGAS SA
AR;033;88028;LOGISTICA INTEGRAL DE CARGAS SA
AR;033;88038;RODAMET SACI
AR;033;88039;ZONA LOGISTICA SA
AR;033;88041;JLG LOGISTIC GROUP SA
AR;033;88042;JLG LOGISTIC GROUP SA
AR;033;88049;JLG LOGISTIC GROUP SA
AR;033;88051;JLG LOGISTIC GROUP SA
AR;033;88054;UNITED COMPANY SA
AR;033;88057;UNITED LOGISTIC SA
AR;033;88060;IGARRETA MAQUINAS SA
AR;033;88061;JIDOKA SRL
AR;033;88062;BUILDING TIME SA
AR;033;88064;COTIA COMEX SA
AR;033;88066;BUILDING TIME SA
AR;033;88067;EURO FRANC SA
AR;033;88068;EMBASSY ZONA FRANCA SA
AR;033;88069;EMPRENDIMIENTO ZONA FRANCA SA
AR;033;88070;HEINLEIN DEPOSITOS Y TRADING SA
AR;033;88073;TRADE UP SRL
AR;033;88074;EURO FRANC SA
AR;033;88083;FIZ SA
AR;033;88084;INTERNATIONAL CHARGE SA
AR;033;88086;FREE WAY CORP SA
AR;033;88088;INTERNATIONAL CHARGE SA
AR;033;88089;ZONA PRODUCTIVA SA
AR;033;88090;SARANDI LOGISTICA SA
AR;033;88112;JORGE E PHOTIADES SA
AR;033;88114;JAB COMERCIO EXTERIOR Y ADUANA SRL
AR;033;88125;LA PLATA OFF SHORE SA
AR;033;88134;LOGISTICA INTEGRAL DE CARGAS SA
AR;033;88150;MARGUS TRADING SA
AR;033;88168;PATRICA S A
AR;033;88171;PLAZA FRANCA SA
AR;033;88176;PROPATO HNOS SAIC
AR;033;88181;RED IMPORT SRL
AR;033;88184;RODAMET SACI
AR;033;88191;SERVICIOS DE LOGISTICA SA (1)
AR;033;88192;SERVICIOS DE LOGISTICA SA
AR;033;88221;TRADE UP SRL
AR;033;88232;WORKHOUSE SERVICE SA
AR;033;88239;ENTE ADMIN ASTILLERO RIO SANTIAGO
AR;033;88244;LA PLATA STORE SA
AR;033;88245;BAZFLP PLAYA N 6
AR;033;88246;LOS PINOS ZONA FRANCA SA
AR;033;88268;SERVICIO INTEGRAL ZONA FRANCA SA
AR;033;88270;JLG LOGISTIC GROUP SA
AR;033;88480;BERMEJO JULIO CESAR
AR;033;88481;PROWOOD SA
AR;033;88482;UNITED LOGISTIC COMPANY SA
AR;033;88483;ATR COMERCIO EXTERIOR SAS
AR;033;88484;LOGRO ZONA FRANCA SA
AR;033;88488;MARRAC SRL
AR;033;88489;GSB SERVICIOS ESPECIALES SA
AR;033;88490;SA DE GIACOMO
AR;033;88491;SELODIAL SA
AR;033;88494;SABINUR SII M10 L6B
AR;033;88499;LOGISTICA AZ SA
AR;033;88700;DEL PLATA LOGISTICA SA
AR;033;88703;REALTEX S A
AR;033;88704;IMPRESOS VELOX SRL
AR;033;88706;ZONA PRODUCTIVA S A
AR;033;88707;BUILDING TIME SA
AR;033;88708;BUILDING TIME S A
AR;033;88709;BUILDING TIME S A
AR;033;88712;JIDOKA SRL
AR;033;88713;INTERNATIONAL CHARGE SA
AR;033;88715;LOGISTICA INTEGRAL ZONA FRANCA SA
AR;033;88800;SARANDI LOGISTICA SA
AR;033;88CFR;COMERICAL FRANC SA
AR;033;9500Y;PRESENTACIONES
AR;034;41001;ACI LA QUIACA-VILLAZON
AR;037;11D01;AEROPUERTOS ARGENTINA 2000 S A
AR;037;2200E;EQUINOR ARG BV SUC ARGENTINA
AR;037;42TDL;ZONA PRIMARIA TANDIL
AR;037;60001;PTO MAR DEL PLATA-TERM 2
AR;037;60002;PTO MAR DEL PLATA-TERM 3
AR;037;60005;MUELLE 10
AR;037;60006;ESPIGON 7
AR;037;60007;POSTA DE INFLAMABLES
AR;037;75004;MC CAIN ARGENTINA SA
AR;037;80001;AEROP INT MAR DEL PLATA
AR;038;11001;INST DESARR IND TECN SERV (IDITS)
AR;038;1100C;BELGRANO CARGAS PALMIRA
AR;038;1100G;INLAND TRANSPORTES SA
AR;038;1100J;AMERICAN GLOBAL LOGISTICS SA
AR;038;11016;MULTIMODAL SACIA
AR;038;11018;AEROPUERTOS ARGENTINA 2000 S A
AR;038;20100;ZPCA ZF MENDOZA
AR;038;40111;ACI USPALLATA
AR;038;40GN1;PASO PARTILLO DE PIUQUENES
AR;038;41001;ACI LOS HORCONES
AR;038;41002;ACI LOS LIBERTADORES
AR;038;75A01;PENAFLOR SA
AR;038;80001;AEROP INT MENDOZA
AR;038;8800A;INST DE DESARROLLO IND (IDITS)
AR;038;8800F;UNIMAQ SAS
AR;038;8800H;ZFM LOGISTICA SOCIEDAD ANONIMA
AR;038;8800I;GUERRINI NEUMATICOS SA
AR;038;88118;SIA ING SA
AR;038;88204;PORTA SUR SA
AR;040;42002;ZONA PRIMARIA TRES ARROYOS
AR;040;60002;SITIO 2 -ZPA MARGEN QUEQUEN
AR;040;60003;SITIO 3 -ZPA MARGEN QUEQUEN
AR;040;60004;SITIO 4 Y 5 ZPA MARGEN QUEQUEN
AR;040;60005;SITIO 6-ZPA MARGEN QUEQUEN
AR;040;60006;SITIO 7 Y 8-MARGEN NECOCHEA
AR;040;60007;SITIO 9 Y 10-MARGEN NECOCHEA
AR;040;60008;SITIO 11-MARGEN DE NECOCHEA
AR;040;60009;SITIO 12-MARGEN NECOCHEA
AR;041;11ARU;ARUS AQUILES GUILLERMO
AR;041;42001;ZPA-PTO PARANA PPAL
AR;041;60003;PUERTO MARQUEZ
AR;041;60004;TERMINAL DE SOLIDOS A GRANEL HERNAD
AR;041;60005;MUELLE PUEBLO BRUGO
AR;041;60100;MUELLE EL MANA PUERTO BUEY SA
AR;041;60CAP;COOPERATIVA AGROPECUARIA LA PAZ
AR;042;11100;DEPOSITO FISCAL TRANSLIBRES SRL
AR;042;40002;PASO DE LOS LIBRES-URUGUAYANA
AR;042;40004;COTECAR IMPO
AR;042;41001;ACI TA BR 290 CABPTE URUGUAYANA EXP
AR;042;41003;COTECAR EXPO-ANTES ACI PTO RODOV UR
AR;042;41050;ACI PTO SEC FERROV URUGUAYANA IMEX
AR;042;43001;PASO PTO MONTE CASERO-BELLA UNION
AR;042;43002;PASO PUERTO ALVEAR-ITAQUI
AR;042;43PN1;PASO PTO YAPEYU-PTO SAN MARCOS
AR;042;43PN2;PASO PUERTO LA CRUZ-PUERTO ITAQUI
AR;045;12009;REFINERIA DEL NORTE SA
AR;045;40001;PASO MISION LA PAZ-POZO HONDO
AR;045;40002;PASO S MAZZA-YACUIBA
AR;045;41001;ACI S MAZZA - YACUIBA
AR;045;70002;SECTOR CINCO
AR;045;70JUA;GIJA
AR;045;73002;CAMMESA -NODO TARTAGAL
AR;045;90001;RESGUARDO II - FFCC
AR;046;40003;PASO POSADAS-ENCARNACION
AR;046;40005;PASO YACIRETA-YACIRETA
AR;046;41001;ACI CARGAS
AR;046;41002;ACI FFCC CARGA
AR;046;41003;ACI FFCC TURISMO
AR;046;42002;DESTACAMENTO YACYRETA
AR;046;43001;PASO PUERTO RICO-PUERTO TRIUNFO
AR;046;43002;PASO PTO MANI-PTO BELLA VISTA SUR
AR;046;43003;PASO PTO POSADAS-PTO PACU CUA
AR;046;43PN1;PTO SAN ANTONIO DE APIPE-PTO AYOLAS
AR;046;43PN2;PASO PTO PARANAY-COLONIA ALBORADA
AR;046;43PN3;PASO PTO GARUHAPE-PTO 3 DE MAYO
AR;046;43PN4;PASO PUERTO LEONI-PUERTO TRIUNFO
AR;046;43PN5;PASO PTO OASIS-PTO CAPITAN MESA
AR;046;43PN6;PASO PTO SAN IGNACIO-PTO PARAISO
AR;046;43PN7;PASO PUERTO SANTA ANA-PUERTO
AR;046;43PN9;PASO PTO ITUZAINGO-PTO OYOLAS
AR;046;60002;NUEVO PUERTO POSADAS
AR;046;73002;ESTACION RINCON DE SANTA MARIA
AR;046;80001;AEROP INT POSADAS
AR;047;11001;ADMINISTRACION DE PUERTO MADRYN
AR;047;11003;MAREA PATAGONICA SA
AR;047;60001;MUELLE ALTE STORNI SITIO 1
AR;047;60002;MUELLE LUIS PIEDRABUENA
AR;047;80001;AEROP INT TRELEW
AR;048;1100B;FISCALES DEL SUR SA
AR;048;40001;PASO INTEGRACION AUSTRAL
AR;048;40DGU;PASO DON GUILLERMO
AR;048;40DOR;PASO DOROTEA
AR;048;40LAU;PASO LAURITA
AR;048;60D01;PUERTO PUNTA LOYOLA
AR;048;60D02;MUELLE EL TURBIO
AR;048;70006;GASODUCTO EL CONDOR (YPF -GAS )
AR;048;70007;GASODUCTO EL CONDOR (CGC-LPG)
AR;048;70008;GASODUCTO CONDOR II (TGS GAS)
AR;048;70009;GASODUCTO MONTE DINERO (ENAP GAS)
AR;048;80001;AEROP INT RIO GALLEGOS
AR;048;88006;GIGLIO PATRICIA
AR;048;95003;ZONA OP ADUANERA RIO GALLEGOS
AR;049;11006;TERMINAL LOGISTICA RIO GRANDE
AR;049;1100B;JOW KON LOGISTICA SRL
AR;049;40001;PASO SAN SEBASTIAN
AR;049;40002;PASO BELLA VISTA
AR;049;70001;CANADON ALFA
AR;049;70003;GRAL SAN MARTIN PM1
AR;049;70004;PM381 CANADON ALFA
AR;049;70005;GRAL SAN MARTIN PM3
AR;049;70006;GRAL SAN MARTIN 380 (EX PM5)
AR;049;70007;GRAL SAN MARTIN PM305
AR;049;70008;GRAL SAN MARTIN PM481
AR;049;70009;ALFA CULLEN HITO II
AR;049;71001;SIPETROL HITO 1
AR;049;75004;AD DOM FAPESA D FISC
AR;049;75005;AD DOM MIRGOR D FISC
AR;049;80003;AEROP INT RIO GRANDE
AR;052;1100D;BINDER SRL
AR;052;1100E;CINA SRL
AR;052;1100P;DEFIBA SA -AEROPUERTO ROSARIO
AR;052;1100Q;TRANSTOTAL SRL
AR;052;1101M;SILCAR LOGISTICA Y REPRESENTACIONES
AR;052;11BIN;BINDER SRL
AR;052;11CGL;CARGILL SA CELDAS
AR;052;11DFS;LOUIS DREYFUS Y CIA
AR;052;11PLZ;PLAZOL ONTENEDORES PTO ROSARIO
AR;052;11POR;PORTAR SA
AR;052;12RAN;DEP PART DE RANDON ARGENTINA SA
AR;052;1401R;CAMARA DE FRIO-TPR SA
AR;052;1401S;TPR SA- DEPOSITO P
AR;052;1401U;TPR SA-DEPOSITO NORTE
AR;052;1401V;MINERAL DE HIERRO-TPR SA
AR;052;1500W;LDC ARG SA TANQUE TK5
AR;052;1500X;LDC ARG SA TANQUE TK6
AR;052;1701K;CARGILL SA SILO SV15000
AR;052;1701L;CARGILL SA CELDA 65
AR;052;60003;MUELLE UNIDAD VI -SERV PORTUARIOS
AR;052;60005;MUELLE CARGILL VILLA GDOR GALVEZ
AR;052;60006;MUELLE CARGILL EN PUNTA ALVEAR
AR;052;60007;MUELLE DREYFUS -GRAL LAGOS
AR;052;60008;MUELLE TOEPFER EN ARROYO SECO
AR;052;6000G;MUELLE UNIDAD VII -SERVICIOS PORTUA
AR;052;60010;TERMINAL PTO ROS MUELLE NOR A-C
AR;052;60011;TERMINAL PTO ROS MUELLE CENTRO F-J
AR;052;60012;TERMINAL PTO MUELLE PLAZOLETA
AR;052;60013;TERMINAL PTO ROS MUELLE SUR
AR;052;60014;TERMINAL PTOROS MUELLE GUIDE
AR;052;60015;RAIZEN ARGENTINA SAU
AR;052;60016;MUELLE CARGILL BARCAZAS
AR;052;75GMA;AD DOMICILIARIA CON DEP FISCAL
AR;052;75JDE;AD DOM JOHN DEERE CON DEP FISCAL
AR;052;80001;AEROP INT ROSARIO
AR;053;11004;COZOFRA SA
AR;053;40001;PASO SICO
AR;053;40002;SALAR DE POCITOS
AR;053;73002;PASO LAGUNA SICO
AR;053;73003;CAMMESA -LA PUNA-PASO SICO
AR;053;80003;AEROP INT SALTA
AR;053;88006;AGV MAQUINAS SRL
AR;053;8800A;AGV SERVICIOS MINEROS SRL
AR;053;8800D;BIDCOM SRL
AR;053;8800E;TADEMAQ EQUIPOS PESADOS SRL
AR;053;8800F;AB CONSTRUCCIONES SRL
AR;053;8800H;TODO OBRAS SRL
AR;053;8800I;NUBICOM SRL
AR;053;8800J;MINESUPPLIES SA
AR;053;8800K;AGV FALCON DRILLING SRL
AR;053;8800L;LIEX SA
AR;053;8800M;POTASIO Y LITIO ARGENTINA SA
AR;053;8800N;DLS ARGENTINA LIMITED SUCURSAL ARG
AR;053;8800O;AGV AGROINDUSTRIAL SRL
AR;053;90001;ESTACION SOCOMPA
AR;054;43001;PASO DE LA BARCA-PORTO XAVIER
AR;054;43PN1;PASO PUERTO SAN ISIDRO-SAN ISIDRO
AR;054;43PN2;PASO PTO STA MARIA-COLONIA FLORIDA
AR;055;11603;CONOSUR SA
AR;055;40603;PASO PASCUA LAMA
AR;055;40607;PASO AGUA NEGRA
AR;055;75002;PEQAFLOR SA
AR;055;95004;ZOA POCITO NUEVA
AR;055;9500F;MEDICION REMOTA-PASO GUANACO ZONZO
AR;055;95601;AP SAN JUAN REMOVIDOS
AR;055;95CSJ;CALERA SAN JUAN SA - ESCALONADO
AR;057;1100D;COFCO INTERNATIONAL ARG SA
AR;057;1104Y;MARCHI DEPOT SA
AR;057;11501;TERMINAL 6 SA
AR;057;11502;CARGILL SACI
AR;057;11504;ADM AGRO SRL
AR;057;11505;LDC ARGENTINA S A
AR;057;11REN;RENOVA SA
AR;057;1204X;PAGODA SA
AR;057;1500E;ADM AGRO SRL TANQUE 3
AR;057;1500F;ADM AGRO SRL TANQUE 4
AR;057;1500G;ADM AGRO SRL TANQUE 5
AR;057;1500H;ADM AGRO SRL TANQUE 6
AR;057;1500I;ADM AGRO SRL TANQUE 7
AR;057;1500J;ADM AGRO SRL TANQUE 8
AR;057;1500K;ADM AGRO SRL TANQUE 9
AR;057;1500L;ADM AGRO SRL TANQUE 10
AR;057;1500M;ADM AGRO SRL TANQUE 11
AR;057;1500N;ADM AGRO SRL TANQUE 12
AR;057;1500O;ADM AGRO SRL TANQUE 13
AR;057;1501B;COFCO INT ARG SA TANQUE 4202
AR;057;1501C;COFCO INT ARG SA TANQUE 4203
AR;057;1501D;COFCO INT ARG SA TANQUE 4204
AR;057;1501P;LDC ARG SA TANQUE ALD 001
AR;057;1501Q;LDC ARG SA TANQUE ALD 002
AR;057;1501R;LDC ARG SA TANQUE F3
AR;057;1501S;LDC ARG SA TANQUE ALA 014
AR;057;15020;CARGILL SA TANQUE 70
AR;057;15021;CARGILL SA TANQUE 71
AR;057;15022;CARGILL SA TANQUE 72
AR;057;15023;CARGILL SA TANQUE 73
AR;057;15024;CARGILL SA TANQUE 74
AR;057;15025;CARGILL SA TANQUE 75
AR;057;15026;CARGIL SA TANQUE 76
AR;057;15027;CARGILL SA TANQUE 77
AR;057;15028;CARGIL SA TANQUE 78
AR;057;15029;CARGILL SA TANQUE 80
AR;057;1502A;CARGILL SA TANQUE 81
AR;057;1502B;CARGILL SA TANQUE 82
AR;057;1502C;CARGILL SA TANQUE 83
AR;057;1502D;CARGILL SA TANQUE 85
AR;057;1502E;CARGILL SA TANQUE 86
AR;057;1502F;CARGILL SA TANQUE 87
AR;057;1502G;CARGILL SA TANQUE 90
AR;057;1502H;CARGILL SA TANQUE 91
AR;057;15047;TERMINAL 6 SA TANQUE A1
AR;057;15048;TERMINAL 6 SA TANQUE A2
AR;057;15049;TERMINAL 6 SA TANQUE A3
AR;057;1504A;TERMINAL 6 SA TANQUE B6
AR;057;1504B;TERMINAL 6 SA TANQUE C1
AR;057;1504C;TERMINAL 6 SA TANQUE C2
AR;057;1504D;TERMINAL 6 SA TANQUE C3
AR;057;1504E;TERMINAL 6 SA TANQUE C4
AR;057;1504F;TERMINAL 6 SA TANQUE C5
AR;057;1504G;TERMINAL 6 SA TANQUE D2
AR;057;1504H;TERMINAL 6 SA TANQUE D3
AR;057;1504I;TERMINAL 6 SA TANQUE D4
AR;057;1504J;TERMINAL 6 SA TANQUE D5
AR;057;1504K;TERMINAL 6 SA TANQUE E2
AR;057;1504L;TERMINAL 6 SA TANQUE E3
AR;057;1504M;TERMINAL 6 SA TANQUE E5
AR;057;1504N;TERMINAL 6 SA TANQUE E6
AR;057;1504O;TERMINAL 6 SA TANQUE E9
AR;057;1504P;TERMINAL 6 SA TANQUE F3
AR;057;1504Q;TERMINAL 6 SA TANQUE G1
AR;057;1504R;TERMINAL 6 SA TANQUE G2
AR;057;1504S;TERMINAL 6 SA TANQUE G3
AR;057;1504T;TERMINAL 6 SA TANQUE H6
AR;057;1504U;TERMINAL 6 SA TANQUE H7
AR;057;1504V;TERMINAL 6 SA TANQUE H8
AR;057;151LA;TANQUE TQE-001-ALA
AR;057;151LL;TANQUE TQE-001-ALL
AR;057;152LA;TANQUE TQE-002-ALA
AR;057;152LL;TANQUE TQE-002-ALL
AR;057;153LA;TANQUE TQE-003-ALA
AR;057;154LA;TANQUE TQE-004-ALA
AR;057;1700P;ADM AGRO SRL SILO 1
AR;057;1700Q;ADM AGRO SRL SILO 2
AR;057;1700R;ADM AGRO SRL SILO 3
AR;057;1700S;ADM AGRO SRL SILO 4
AR;057;1700T;ADM AGRO SRL SILO 5
AR;057;1700U;ADM AGRO SRL SILO 10
AR;057;1700V;ADM AGRO SRL SILO 11
AR;057;1700W;ADM AGRO SRL SILO 12
AR;057;1700X;ADM AGRO SRL SILO 13
AR;057;1700Y;ADM AGRO SRL SILO 14
AR;057;1700Z;ADM AGRO SRL SILO 15
AR;057;17010;ADM AGRO SRL SILO 16
AR;057;17011;ADM AGRO SRL CELDA 1
AR;057;17012;ADM AGRO SRL CELDA 2
AR;057;17013;ADM AGRO SRL CELDA 3
AR;057;17014;ADM AGRO SRL CELDA 4
AR;057;17015;ADM AGRO SRL CELDA 5
AR;057;17016;ADM AGRO SRL CELDA 6
AR;057;17017;ADM AGRO SRL CELDA 7
AR;057;17019;ADM AGRO SRL CELDA 9
AR;057;1701E;COFCO INT ARG SA SILO 1
AR;057;1701F;COFCO INT ARG SA SILO 2
AR;057;1701G;COFCO INT ARG SA SILO 3
AR;057;1701H;COFCO INT ARG SA SILO 4
AR;057;1701I;COFCO INT ARG SA SILO 5
AR;057;1701J;COFCO INT ARG SA SILO 6
AR;057;1701K;COFCO INT ARG SA SILO 7
AR;057;1701L;COFCO INT ARG SA SILO 8
AR;057;1701M;COFCO INT ARG SA SILO 9
AR;057;1701N;COFCO INT ARG SA SILO 10
AR;057;1701O;COFCO INT ARG SA CELDA 7
AR;057;1701T;LDC ARG SA SILO 005
AR;057;1701U;LDC ARG SA SILO 006
AR;057;1701V;LDC ARG SA SILO 007
AR;057;1701W;LDC ARG SA CELDA 003
AR;057;1701X;LDC ARG SA CELDA 004
AR;057;1701Y;LDC ARG SA CELDA 006
AR;057;1701Z;LDC ARG SA CELDA 007
AR;057;1702J;CARGILL SA SILO 1
AR;057;1702K;CARGILL SA SILO 2
AR;057;1702L;CARGILL SA SILO 3
AR;057;1702M;CARGILL SA SILO 4
AR;057;1702N;CARGILL SA SILO 5A
AR;057;1702O;CARGILL SA SILO 5B
AR;057;1702Q;CARGILL SA SILO 6B
AR;057;1702R;CARGILL SA SILO 7A
AR;057;1702S;CARGILL SA SILO 7B
AR;057;1702T;CARGILL SA SILO 8A
AR;057;1702U;CARGILL SA SILO 8B
AR;057;1702V;CARGILL SA SILO 9
AR;057;1702W;CARGILL SA SILO 10
AR;057;1702X;CARGILL SA SILO 11
AR;057;1702Y;CARGILL SA SILO 21
AR;057;1702Z;CARGILL SA SILO 22
AR;057;17030;CARGILL SA CELDA 1
AR;057;17031;CARGILL SA CELDA 2
AR;057;17032;CARGILL SA CELDA 3
AR;057;17033;CARGILL SA CELDA 4
AR;057;17034;CARGILL SA CELDA 5
AR;057;17035;CARGILL SA CELDA 6
AR;057;17036;CARGILL SA CELDA A
AR;057;17037;CARGILL SA CELDA B
AR;057;17038;CARGILL SA CELDA C
AR;057;17039;CARGILL SA CELDA D1
AR;057;1703A;CARGILL SA CELDA D2
AR;057;1703B;CARGILL SA CELDA D3
AR;057;1703C;CARGILL SA CELDA D4
AR;057;1703D;CARGILL SA CELDA E1
AR;057;1703E;CARGILL SA CELDA E2
AR;057;1703G;CARGILL SA CELDA E4
AR;057;1703H;TERMINAL 6 SA SILO SV1
AR;057;1703I;TERMINAL 6 SA SILO SV2
AR;057;1703J;TERMINAL 6 SA
AR;057;1703K;TERMINAL 6 SA SILO SV4
AR;057;1703L;TERMINAL 6 SA SILO SV5
AR;057;1703M;TERMINAL 6 SA TANQUE SV6
AR;057;1703N;TERMINAL 6 SA SILO SV7
AR;057;1703O;TERMINAL 6 SA SILO SV8
AR;057;1703P;TERMINAL 6 SA SILO SV9
AR;057;1703Q;TERMINAL 6 SA SILO SV10
AR;057;1703R;TERMINAL 6 SA SILO SV 21
AR;057;1703S;TERMINAL 6 SA SILO SV 22
AR;057;1703T;TERMINAL 6 SA SILO SV23
AR;057;1703U;TERMINAL 6 SA SILO SV 24
AR;057;1703V;TERMINAL 6 SA SILO SV 25
AR;057;1703W;TERMINAL 6 SA CELDA 1
AR;057;1703X;TERMINAL 6 SA CELDA2
AR;057;1703Y;TERMINAL 6 SA CELDA 3
AR;057;1703Z;TERMINAL 6 SA CELDA 4
AR;057;17040;TERMINAL 6 SA CELDA 5
AR;057;17041;TERMINAL 6 SA CELDA 6
AR;057;17042;TERMINAL 6 SA CELDA 7
AR;057;17043;TERMINAL 6 SA CELDA 8
AR;057;17044;TERMINAL 6 SA CELDA 9
AR;057;17046;TERMINAL 6 SA CELDA 12
AR;057;171LH;CELDA ALM-001-ALH
AR;057;171LS;SILO SIL-301-ALS-1
AR;057;172LH;CELDA ALM-401-ALH
AR;057;172LS;SILO SIL-302-ALS
AR;057;173LS;SILO SIL-301-ALS-2
AR;057;174LS;SILO SIL-301-ALS-3
AR;057;175LS;SILO SIL-301-ALS-4
AR;057;176LS;SILO SIL-301-ALS-5
AR;057;177LS;SILO SIL-301-ALS-6
AR;057;178LS;SILO SIL-301-ALS-7
AR;057;60003;PUERTO DE CABOTAJE LA BARQUITA
AR;057;60004;MUELLE 2 ACA
AR;057;60005;PROFERTIL SA
AR;057;60006;PUERTO RENOVA TIMBUES
AR;057;60008;MUELLE FERTILIZANTES NIDERA
AR;057;60009;ALFRED TOEPFER (BARCAZAS)
AR;057;6000A;NOURYON CHEMICALS ARGENTINA SAU
AR;057;6000B;MUELLE DE BARCAZAS-SECTOR SUR
AR;057;6000C;MUELLE NORTE-RENOVA SA
AR;057;6000D;PAN AMERICAN ENERGY LLC SUCURSAL SA
AR;057;6000E;ACEITERA GENERAL DEHEZA SA
AR;057;6000F;ZOA ACA TIMBUES
AR;057;6004X;PUERTO BG SRL
AR;057;60101;MINERA ALUMBRERA SA
AR;057;60103;ARAUCO SA
AR;057;60105;MOSAIC ARGENTINA SA
AR;057;60106;PETROBRAS ENERGIA
AR;057;60107;NIDERA SA
AR;057;60108;ALFRED C TOEPFER SA
AR;057;60109;BUNGE ARGENTINA DEMPA
AR;057;60110;BUNGE ARGENTINA PAMPA
AR;057;60111;YPF SA
AR;057;60113;PETROBRAS ENERGIA SA REFISAN
AR;057;60114;TERMINAL 6 SA
AR;057;60118;MOLINOS RIO DE LA PLATA SA
AR;057;60119;NOBLE ARGENTINA SA
AR;057;60120;LOUIS DREYFUS C ARGENTINA SA
AR;057;60121;TERMOELECTRICA SAN MARTIN SA
AR;057;60122;NOBLE ARGENTINA SA-FERTILIZANTE
AR;057;60209;VICENTIN SAIC
AR;057;60318;CARGILL SACI
AR;058;12002;PETROPLASTIC SA
AR;058;40001;PASO MAMUIL MALAL
AR;058;40002;PASO HUA HUM
AR;058;40GN1;PASO CARIRRIQE
AR;058;95001;RECEPCION TRANSITOS AS SMAN
AR;059;11002;PRODUCTORES DE ALCOHOL DE MELAZA
AR;059;1100B;XSTORAGE SA
AR;059;1100P;TERMINALES Y SERVICIOS SA
AR;059;12007;LA EMILIA SA
AR;059;12010;SIDERAR SAICM - MATERIAS PRIMAS
AR;059;1400R;CASPORT SA
AR;059;1500C;PAMSA TANQUE 3
AR;059;1500D;PAMSA TANQUE 4
AR;059;1500E;PAMSA TANQUE 5
AR;059;1500F;PAMSA TANQUE 7
AR;059;1500G;PAMSA TANQUE 11
AR;059;1500H;PAMSA TANQUE 14
AR;059;1500I;PAMSA TANQUE 15
AR;059;1500J;PAMSA TANQUE 17
AR;059;1500K;PAMSA TANQUE 18
AR;059;1500L;PAMSA TANQUE 20
AR;059;1500M;PAMSA TANQUE 22
AR;059;1500N;PAMSA TANQUE 26
AR;059;1500O;PAMSA TANQUE 28
AR;059;1500S;PAMSA TANQUE 6
AR;059;1500T;PAMSA TANQUE 8
AR;059;1500U;PAMSA TANQUE 9
AR;059;1500V;PAMSA TANQUE 27
AR;059;1500W;PAMSA TANQUE 10
AR;059;1500X;PAMSA TANQUE 12
AR;059;1500Y;PAMSA TANQUE 2
AR;059;1500Z;PAMSA TANQUE 23
AR;059;60001;MLLE FISCAL PUERTO NUEVO DPAP
AR;059;60003;MLLE CTSN SA
AR;059;60004;MLLE COMERCIAL SIDERAR SAICM
AR;059;60005;MLLE CARBON SIDERAR SAICM
AR;059;60006;MLLE MINERALES SIDERAR SAICM
AR;059;60007;MLLE AUTODESCARGA SIDERAR SAICM
AR;059;60009;MLLE ELEVADOR BUNGE RAMALLO
AR;059;6000A;XSTORAGE SA
AR;059;60015;MUELLE FERTILIZANTE BUNGE
AR;059;95001;PUERTO SECO DE ROJAS
AR;060;11003;RUTA 9 GROUP LOGISTICA SRL
AR;060;60001;ZPA MUELLE CABECERA FRUTA
AR;060;60002;ZPA MUELLE ELEVADOR GRANOS
AR;061;12612;TOTAL AUSTRAL SA
AR;061;4000N;PORTEZUELO DE LA DIVISORIA
AR;061;40GN3;PASO MARCONI
AR;061;43004;LAGO SAN MARTIN - O HIGGINS
AR;061;60001;MUELLE PUERTO PUNTA QUILLA
AR;061;60002;MUELLE PUERTO SAN JULIAN
AR;061;8000R;AEROPUERTO EL CALAFATE
AR;061;95619;AREA CONTROL PROVISORIO SANTA CRUZ
AR;062;11001;SERV PORTUARIOS SA
AR;062;60008;MUELLE 4 Y PTO RECONQUISTA
AR;062;60009;PUERTO SANTA FE-DIQUE 1 OESTE
AR;062;6000A;PUERTO SANTA FE-ELEVADOR DE GRANOS
AR;062;6000B;RAIZEN ARGENTINA SA
AR;066;40001;PASO SAN FRANCISCO
AR;066;42001;Z P A SEDE CENTRAL AD TINOG
AR;066;42002;Z.P.A. RESGUARDO REG.EL PANTANILLO
AR;066;42003;ZPA RESG JURISD LAS GRUTAS
AR;067;11001;DEPOSITO FISCAL DPP
AR;067;11003;DEPOSITOS FISCALES AUSTRALES
AR;067;11ABC;SERVICIOS MULTISTORE SA
AR;067;43004;PASO PUERTO ALMANZA
AR;067;60DPP;PUERTO DE USHUAIA
AR;067;75ELE;ELECTRONIC SYSTEM SA
AR;067;75NEW;NEWSAN SOCIEDAD ANONIMA
AR;067;75NOB;NOBLEX ARGENTINA SOCIEDAD ANONIMA
AR;067;80100;AEROP INT USHUAIA
AR;069;12001;DEPOSITO GRAL ACINDAR
AR;069;12003;PLAZOLETA ACINDAR
AR;069;60001;MUELLE MINERALERO ACINDAR SA
AR;069;60002;PUERTO ACEVEDO ACINDAR SA
AR;069;60003;MUELLE S PORTUARIOS UNIDAD II
AR;073;11001;BODEGA IMPO EXPO EZEIZA
AR;073;11002;PISTA DAP EZEIZA
AR;073;11088;AEROPARQUE J NEWVERY
AR;073;11Z01;BODEGA COURIER AD EZEIZA
AR;073;12003;INTERBAIRES
AR;073;1200A;DEPOSITO MERCADERIA VENCIDA (DMV)
AR;073;1200J;DEPOSITO DE GUARDA DE COMPRAS (DGC)
AR;073;13006;DEPOS FRANCO AER ARG
AR;073;13F01;DEPO FRANCO ARSA AEP
AR;073;42E01;OPERATIVA Y REGISTRAL
AR;073;42EPA;CONTROL PISTA Y COMBUSTIBLE
AR;073;42P01;CONTROL PISTA AEP
AR;073;42P02;CONTROL PISTA COMBUSTIBLE AEP
AR;073;42S01;SAN FER CTROL PTAS 1 Y 2
AR;073;42SFD;PISTA Y DEPOSITOS SAN FERNANDO
AR;073;80006;VERIFICACION EZEIZA
AR;073;80007;AEROP INT EZEIZA TERMINAL A
AR;073;80008;AEROP INT EZEIZA TERMINAL B
AR;073;80009;AEROP INT EZEIZA TERMINAL C
AR;073;80010;AEROPARQUE J NEWBERY PASAJEROS
AR;073;80011;AEROP INT SAN FERNANDO PASAJEROS
AR;073;80FBO;FBO   FBO EZEIZA VUELOS PRIVADOS
AR;073;80PAL;OF EL PALOMAR PAX
AR;073;95012;DEPOSITOS FRANCOS OTROS
AR;074;1100B;CONTROL UNION NORTE SA
AR;074;1100D;AA 2000 SA -ADUANA TUCUMAN
AR;074;80001;AEROP INT TUCUMAN
AR;075;1100A;DEP FISCAL Y ADUANERO DEL NEUQUEN S
AR;075;40001;PASO PINO HACHADO
AR;075;40002;PASO ICALMA (HILARIO ORTIZ)
AR;075;40003;PASO PICHACHEN
AR;075;40GN1;PASO COPAHUE
AR;075;42CEN;ZPA CENTENARIO
AR;075;42ZAP;ZPA ZAPALA
AR;075;70001;TRANSPORTADORA GAS DEL NORTE SA
AR;075;70002;GASODUCTO DEL PACIFICO SA
AR;075;71002;OLEODUCTO TRASANDINO SA
AR;075;80001;AEROPUERTO INT J D PERON
AR;076;40GN1;PASO EL CONDADO-LA MAMORA
AR;076;41001;ACI AGUAS BLANCAS-BERMEJO
AR;076;43001;PASO PTO CHALANAS-BERMEJO
AR;078;40002;PASO FRONTERIZO LAS DAMAS
AR;078;40003;PASO FRONTERIZO LAS LENAS
AR;078;40701;PASO PEHUENCHE
AR;078;40702;PASO VERGARA
AR;078;70702;GASODUCTO GASANDES ARG S A
AR;078;95001;ZOA SAN RAFAEL
AR;079;40001;PASO PIRCAS NEGRAS
AR;079;42002;ZONA PRIMARIA LA RIOJA
AR;079;75PAK;TETRA PAK SRL
AR;080;60001;MUELLE SAN ANTONIO ESTE
AR;080;60002;MUELLE PUNTA COLORADA
AR;080;95006;FRIDEVI SA
AR;082;40001;PASO SAN ANTONIO-SANTO ANTONIO
AR;082;40GN1;PASO PEPIRI GUAZU-SAO MIGUEL
AR;082;41001;ACI B IRIGOYEN-D CERQUEIRA
AR;082;41002;ACI DIONICIO CERQ-BDO IRIG
AR;082;41004;ANDRESITO - CAPANEMA
AR;082;41BDI;BDO DE IRIGOYEN CARGAS ACI BR
AR;082;43GN1;PASO INTEGRACION-PLANALTO
AR;083;11001;ENTE COORDINADOR ZF ZAL Y COMERCIOR
AR;083;11002;ZAL VILLA MERCEDES
AR;083;20003;ZPCA ZF JULIO DARACT
AR;083;75AD1;ADUANA DOMICILIARIA K.C.AR S.A.
AR;083;88DE6;TELESPAZIO BRASIL SA
AR;083;88PE4;SAN LUIS ZONA FRANCA
AR;083;88PE5;TELESPAZIO BRASIL SA
AR;083;88PE8;SAN LUIS ZONA FRANCA
AR;083;88PE9;ZONA FRANCA JUSTO DARACT ZFRA CARGA
AR;084;14002;ACON TIMBER SAU
AR;084;41100;CENTRO UNIFICADO SANTO TOME
AR;084;43PN1;PASO PUERTO GARRUCHOS-GARRUCHOS
AR;084;73001;CAMMESA MEDICION RINCON GARABI
AR;085;42001;ZPA ADUANA VILLA REGINA
AR;086;43001;PASO PANAMBI-VERACRUZ
AR;086;43002;PASO ALBA POSSE-PORTO MAUA
AR;086;43003;PASO EL SOBERBIO-PORTO SOBERBO
AR;086;43GN1;PASO BARRA BONITA-M BIGUA
AR;086;43GN2;PASO AURORA-PRATOS
AR;086;43GN3;PASO ALICIA-SAN ANTONIO
AR;087;40001;PASO RIO JEINIMENI
AR;087;40GN1;PASO INGENIERO PALLAVICINI
AR;087;60001;MUELLE CALETA PAULA
AR;088;11002;POLO LOGISTICO GRAL DEHEZA
AR;088;11003;TERRAMAR LOGISTICA SRL
AR;088;12026;BARBUY-BPB SA-DOWEL
AR;088;12044;BPB MEDITERRANEA SA
AR;088;12045;BPB SA -PEER BEARIN
AR;088;83008;AEROPUERTO INTERNACIONALAS
AR;089;42001;ZPA LA BANDA
AR;089;95002;AP S DEL ESTERO REMOVIDOS
AR;090;42003;ZONA PRIMARIA GENERAL PICO
AR;093;12004;VMC REFRIG D FISCAL
AR;093;14002;CAMARA DE COMERCIO EXTERIOR DEL CEN
AR;093;42RAF;ZONA PRIMARIA RAFAELA
AR;094;11005;CELIMEX SA
AR;094;12CMA;CORVEN MOTORS ARG SA
AR;094;14COR;CORVEN SA
AR;094;14GEV;GEVECO SA
AR;094;14MED;IMPORTADORA MEDITERRANEA SA
AR;094;14MIN;MINARELLI SA
AR;094;14MOT;CORVEN MOTORS ARGENTINA SA
AR;094;14ZAN;ZANELLA HINOS Y CIA SA
AR;253;20002;ZONA FRANCA RIO GALLEGOS
AR;253;88003;RIOCAL ZONAS FRANCAS SA
AR;253;8800C;LAR SAS MAYORISTA
AR;253;8800E;ROFER WINDS SA MAYORISTA
AR;253;8800F;LONDON SUPPLY SA MAYORISTA
AR;253;885MA;PATAGONIA SHOPS SA
AR;253;887MA;MULTIGROUP SA
AR;253;888MA;RGL TRADING SA
AR;253;889MA;MEF PATAGONIA SAS
AR;253;88AMA;VERTEX COMPUTERS SA
AR;253;88AMI;VERTEX COMPUTERS SA
AR;253;88BMA;INTERNACIONAL BUSINESS SA
AR;253;88CMA;COM LOG SA
AR;253;88DMA;FRAXTOM SA
AR;253;88EMA;ATLANT SAS
AR;253;88FMA;PATAGONIA NATURAL SA
AR;253;88GMA;PROALSASRL
AR;253;88GMI;AS AUTOMOTORES SA - ZF MINORISTA
AR;253;88HMA;EDGAR RUBEN RUSSO
AR;253;88HMI;LAR SAS
AR;253;88IMA;BRANDT SAS
AR;253;88JMA;DITECAR SA
AR;253;88JMI;MEF PATAGONIA SAS
AR;253;88KMA;SUENO FUEGUINO SA
AR;253;88KMI;MULTIGROUP SA ILUM LED-DOMOTICA
AR;253;88LMA;AS AUTOMOTORES SA - ZF MAYORISTA
AR;253;88LMI;PATAGONIA NATURAL SRL
AR;253;88MMI;ROFER WINDS SA
AR;258;20GPI;ZPCA ZF GRAL PICO
AR;258;88002;RED IMPACT SA
AR;258;88003;DIAPIN SA
AR;258;88006;ITALMAX SA
AR;258;88009;GEOMIEL SA
AR;258;8800A;MERZ ARGENTINA SA
AR;258;8800D;CARTIPAM SA
AR;258;8800F;TAPAMAR SA
AR;258;8800H;FEMAT AGRUP DE COLABORACION EMP
AR;258;8800I;AGROFUM SA
AR;258;8800J;ASOCIACION DE COOP ARGENTINAS COOP
AR;258;8800N;PAMPA DIFUSORA SRL
AR;258;8800S;SNOW TECH ARENTINA SA
AR;258;8800T;NEUMATICOS DEL SUR SA
AR;258;8800U;AISPLAC SRL
AR;258;8800W;DTA SA EN FORMACION
AR;258;8800X;NUBITY SRL
AR;258;8800Y;FRONTERA 1 SA
AR;258;88011;SERVICIOS Y TEC AEROPORTUARIA SA
AR;258;88012;ALAV SRL
AR;258;88014;STADIUM NIU SAS
AR;258;88015;SOUTHTECH SA
AR;258;88016;EMENER SRL
AR;258;88018;CASIRAGHI HNOS SA
AR;258;8801A;TECRO INGENIERIA SA
AR;258;8801C;KOMPASS SRL
AR;258;8801D;COOPERATIVA GENERAL DE ELECTRICIDAD
AR;258;88027;PRODUCTOS PAMPEANOS SA
AR;266;20002;ZPCA ZFBBCR
AR;266;8800B;ZF BS AS SUR SA
AR;266;88BUI;BUILDING TIME SA
AR;267;20002;ZPCA C DEL URUGUAY
AR;267;88002;USUD INTERNATIONAL STAR SA
AR;268;20002;ZONA FRANCA VILLA CONSTITUCION
AR;268;88002;PTP WARRANT SA
AR;268;88003;EXPORTDENIV INTERNACIONAL SA
AR;269;20002;SUB ZONA FRANCA PUERTO GALVA
AR;269;88002;ZONA FRANCA BUENOS AIRES SUR SA
AR;274;20PER;ZONA FRANCA PERICO
AR;274;88002;AB CONSTRUCCIONES SA
AR;274;88007;SAPEM
AR;275;20ZAP;ZONA FRANCA ZAPALA
